id;start_date;end_date;status
1;2023-03-23T10:40:12;2023-03-22T16:51:07;matrix aggregate Pitcairn
2;2023-03-22T20:18:04;2023-03-23T02:06:32;Cyprus Director Applications
3;2023-03-22T21:39:37;2023-03-22T15:57:56;connect
4;2023-03-22T12:30:02;2023-03-23T12:08:43;user cultivate
5;2023-03-23T02:29:54;2023-03-22T23:26:16;Wyoming
6;2023-03-23T00:33:58;2023-03-22T22:18:36;leading-edge edge navigating
7;2023-03-22T19:33:50;2023-03-22T19:08:39;Gibraltar
8;2023-03-22T14:04:42;2023-03-22T15:59:32;payment Cotton
9;2023-03-23T01:51:14;2023-03-22T16:30:40;Kyrgyz
10;2023-03-22T13:40:11;2023-03-23T07:33:47;Planner Ergonomic Senior
